https://en.wikipedia.org//wiki/Jules_Aarons.,.Jules Aarons.,.Bronx, New York.,.1921-10-03
https://en.wikipedia.org//wiki/Ernst_Karl_Abbe.,.Ernst Karl Abbe.,.Eisenach, Saxe-Weimar-Eisenach.,.1840-01-23
https://en.wikipedia.org//wiki/Hasan_Abdullayev.,.Abdullayev Hasan Mamedbagir oglu.,.Baku, Azerbaijan.,.1993-09-01
https://en.wikipedia.org//wiki/Alexei_Alexeyevich_Abrikosov.,.Alexei Alexeyevich Abrikosov.,.Moscow, Russian SFSR, Soviet Union.,.1928-06-25
https://en.wikipedia.org//wiki/Miguel_Alcubierre.,.Miguel Alcubierre.,.Miguel Alcubierre Moya.,.(1964-03-28)
https://en.wikipedia.org//wiki/Zhores_Ivanovich_Alferov.,.Zhores Alferov.,.Zhores Ivanovich Alferov.,.(1930-03-15)
https://en.wikipedia.org//wiki/Hannes_Olof_G%C3%B6sta_Alfv%C3%A9n.,.Hannes Alfvén.,.Hannes Olof Gösta Alfvén.,.1908-05-30
https://en.wikipedia.org//wiki/Alhazen.,.Hasan Ibn al-Haytham(Alhazen).,.Basra, Iraq.,.. 965 (0965) (c. 354 AH)[1]
https://en.wikipedia.org//wiki/Abraham_Alikhanov.,.Abraham Alikhanov.,.Elisabethpol, Elisabethpol Governorate, Russian Empire.,.1904-02-20
https://en.wikipedia.org//wiki/Samuel_King_Allison.,.Samuel King Allison.,.Chicago.,.1900-11-13
https://en.wikipedia.org//wiki/Semen_Altshuler.,.Semen Altshuler.,.Vitebsk, Russian Empire.,.1911-09-24
https://en.wikipedia.org//wiki/Luis_Walter_Alvarez.,.Luis Walter Alvarez.,.San Francisco, California, US.,.1911-06-13
https://en.wikipedia.org//wiki/Viktor_Ambartsumian.,.Victor Hambardzumyan.,.Tiflis, Russian Empire(modern-day Tbilisi, Georgia).,.1908-09-18
https://en.wikipedia.org//wiki/Anja_Cetti_Andersen.,.Anja Cetti Andersen.,.Hørsholm, Denmark.,.(1965-09-25)
https://en.wikipedia.org//wiki/Philip_Warren_Anderson.,.Philip Warren Anderson.,.Indianapolis, Indiana, United States.,.(1923-12-13)
https://en.wikipedia.org//wiki/Carl_David_Anderson.,.Carl David Anderson.,.New York City, New York, US.,.1905-09-03
https://en.wikipedia.org//wiki/Anders_Jonas_%C3%85ngstr%C3%B6m.,.Anders Jonas Ångström.,.Lögdö, Medelpad, Sweden.,.1814-08-13
https://en.wikipedia.org//wiki/Edward_Victor_Appleton.,.Edward Victor Appleton.,.Bradford, West Riding of Yorkshire, England, UK.,.1892-09-06
https://en.wikipedia.org//wiki/Alain_Aspect.,.Alain Aspect.,.Agen, France.,.(1947-06-15)
https://en.wikipedia.org//wiki/Aiyalam_Parameswaran_Balachandran.,..,..,.Please help by adding reliable sources. Contentious material about living persons that is unsourced or poorly sourced must be removed immediately, especially if potentially libelous or harmful
https://en.wikipedia.org//wiki/John_Bardeen.,.John Bardeen.,.Madison, Wisconsin, U.S..,.1908-05-23
https://en.wikipedia.org//wiki/Charles_Glover_Barkla.,.Charles Barkla.,.Charles Glover Barkla.,.1877-06-07
https://en.wikipedia.org//wiki/Nikolay_Basov.,.Nikolay Basov.,.Nicolay Gennadiyevich Basov.,.1922-12-14
https://en.wikipedia.org//wiki/Zolt%C3%A1n_Lajos_Bay.,.Zoltán Lajos Bay.,.Gyulavári, Hungary.,.1900-07-24
https://en.wikipedia.org//wiki/Henri_Becquerel.,.Antoine Henri Becquerel.,.Paris, France.,.1852-12-15
https://en.wikipedia.org//wiki/Johannes_Georg_Bednorz.,.Johannes Georg Bednorz.,.Neuenkirchen, North Rhine-Westphalia, Germany.,.(1950-05-16)
https://en.wikipedia.org//wiki/Jocelyn_Bell_Burnell.,.Dame.,.Susan Jocelyn Bell.,.(1943-07-15)
https://en.wikipedia.org//wiki/Hans_Bethe.,.Hans Bethe.,.Hans Albrecht Bethe.,.1906-07-02
https://en.wikipedia.org//wiki/Homi_J._Bhabha.,.Homi Jehangir Bhabha.,.Bombay, British India (present-day Mumbai India).,.1909-10-30
https://en.wikipedia.org//wiki/Gerd_Binnig.,.Gerd Binnig.,.Frankfurt am Main.,.(1947-07-20)
https://en.wikipedia.org//wiki/Jean-Baptiste_Biot.,.Jean-Baptiste Biot.,.Paris.,.1 April 177
https://en.wikipedia.org//wiki/Vilhelm_Bjerknes.,.Vilhelm Bjerknes.,.Christiania, Norway.,.1862-03-14
https://en.wikipedia.org//wiki/James_Bjorken.,.James Bjorken.,.Chicago, Illinois, United States.,.(1934-06-22)
https://en.wikipedia.org//wiki/Patrick_Blackett.,.The Right Honourable.,.Patrick Maynard Stuart Blackett.,.1897-11-18
https://en.wikipedia.org//wiki/Felix_Bloch.,.Felix Bloch.,.Zürich, Switzerland.,.1905-10-23
https://en.wikipedia.org//wiki/Nicolaas_Bloembergen.,.Nicolaas Bloembergen.,.Dordrecht, Netherlands.,.1920-03-11
https://en.wikipedia.org//wiki/Nikolay_Bogolyubov.,.Nikolay Nikolayevich Bogolyubov.,.Nizhny Novgorod, Russian Empire.,.1909-08-21
https://en.wikipedia.org//wiki/David_Bohm.,.David Bohm.,.Wilkes-Barre, Pennsylvania, US.,.1917-12-20
https://en.wikipedia.org//wiki/Aage_Bohr.,.Aage Niels Bohr.,.Copenhagen, Denmark.,.1922-06-19
https://en.wikipedia.org//wiki/Niels_Bohr.,.Niels Bohr.,.Niels Henrik David Bohr.,.1885-10-07
https://en.wikipedia.org//wiki/Ludwig_Boltzmann.,.Ludwig Boltzmann.,.Ludwig Eduard Boltzmann.,.1844-02-20
https://en.wikipedia.org//wiki/Rudjer_Josip_Boscovich.,.Roger Joseph Boscovich, S.J..,.Dubrovnik, Republic of Ragusa (modern-day Croatia).,.1711-05-18
https://en.wikipedia.org//wiki/Satyendra_Nath_Bose.,.Satyendra Nath Bose.,.Calcutta, Bengal Presidency, India.,.1894-01-01
https://en.wikipedia.org//wiki/Johannes_Bosscha.,.Johannes Bosscha.,.Breda.,.1831-11-18
https://en.wikipedia.org//wiki/Walther_Bothe.,.Walther Bothe.,.Oranienburg, German Empire.,.1891-01-08
https://en.wikipedia.org//wiki/Edward_Bouchet.,.Edward Alexander Bouchet.,.New Haven, Connecticut.,.1852-09-15
https://en.wikipedia.org//wiki/Willard_Boyle.,.Willard S. Boyle.,.Amherst, Nova Scotia.,.1924-08-19
https://en.wikipedia.org//wiki/William_Henry_Bragg.,.Sir William Henry Bragg.,.Wigton, Cumberland, England.,.1862-07-02
https://en.wikipedia.org//wiki/William_Lawrence_Bragg.,.Sir Lawrence Bragg.,.William Lawrence Bragg.,.1890-03-31
https://en.wikipedia.org//wiki/Walter_Houser_Brattain.,.Walter Houser Brattain.,.Xiamen, Fujian, Qing Dynasty.,.1902-02-10
https://en.wikipedia.org//wiki/Karl_Ferdinand_Braun.,.Karl Ferdinand Braun.,.Fulda, Electorate of Hessen, Germany.,.1850-06-06
https://en.wikipedia.org//wiki/Percy_Williams_Bridgman.,.Percy Williams Bridgman.,.Cambridge, Massachusetts, United States.,.1882-04-21
https://en.wikipedia.org//wiki/Marcel_Brillouin.,.Louis Marcel Brillouin.,.Saint-Martin-lès-Melle,  France.,.1854-12-19
https://en.wikipedia.org//wiki/Bertram_Brockhouse.,.Bertram Brockhouse.,.Bertram Neville Brockhouse.,.1918-07-15
https://en.wikipedia.org//wiki/Hans_Buchdahl.,.Hans Adolf Buchdahl.,.Adelaide, Australia.,.2010-01-07
https://en.wikipedia.org//wiki/Gersh_Budker.,.Gersh Itzkovich Budker.,.Akademgorodok.,.1977-07-04
https://en.wikipedia.org//wiki/Johannes_Martinus_Burgers.,.J. M. Burgers.,.Arnhem, Netherlands.,.1895-01-13
https://en.wikipedia.org//wiki/Nicola_Cabibbo.,.Nicola Cabibbo.,.Rome, Italy.,.1935-04-10
https://en.wikipedia.org//wiki/Annie_Jump_Cannon.,.Annie Jump Cannon.,.Dover, Delaware, U.S.[1].,.1863-12-11
https://en.wikipedia.org//wiki/Hendrik_Casimir.,.Hendrik Casimir.,.The Hague, Netherlands.,.1909-07-15
https://en.wikipedia.org//wiki/Henry_Cavendish.,.Henry Cavendish.,.Nice, Kingdom of Sardinia.,.1731-10-10
https://en.wikipedia.org//wiki/James_Chadwick.,.Sir James Chadwick.,.Bollington, Cheshire, England.,.1891-10-20
https://en.wikipedia.org//wiki/Moses_H._W._Chan.,.Moses Hung-Wai Chan.,.Xi'an, China.,.(1946-11-23)
https://en.wikipedia.org//wiki/Subrahmanyan_Chandrasekhar.,.Subrahmanyan Chandrasekhar.,.Lahore, Punjab, British India (present-day Punjab, Pakistan).,.1910-10-19
https://en.wikipedia.org//wiki/Swapan_Chattopadhyay.,.Swapan Chattopadhyay.,.Calcutta, West Bengal, India.,.(1951-12-26)
https://en.wikipedia.org//wiki/Boris_Chirikov.,..,..,.Please help to improve this article by introducing more precise citations
https://en.wikipedia.org//wiki/Ernst_Chladni.,.Ernst Chladni.,.Wittenberg, Electorate of Saxony in the Holy Roman Empire.,.0 November 175
https://en.wikipedia.org//wiki/Beno%C3%AEt_Paul_%C3%89mile_Clapeyron.,.Benoît Clapeyron.,.Paris, France.,.1799-02-26
https://en.wikipedia.org//wiki/Rudolf_Clausius.,.Rudolf Clausius.,.Köslin, Province of Pomerania, Prussia (present-day Koszalin, Poland).,.1822-01-02
https://en.wikipedia.org//wiki/John_Cockcroft.,.Sir John Cockcroft.,.Todmorden, West Riding of Yorkshire, England.,.1897-05-27
https://en.wikipedia.org//wiki/Claude_Cohen-Tannoudji.,.Claude Cohen-Tannoudji.,.Constantine, French Algeria.,.(1933-04-01)
https://en.wikipedia.org//wiki/Arthur_Compton.,.Arthur Compton.,.Arthur Holly Compton.,.1892-09-10
https://en.wikipedia.org//wiki/Edward_Condon.,.Edward Uhler Condon[1][2].,.Alamogordo, New Mexico, U.S..,.1902-03-02
https://en.wikipedia.org//wiki/Leon_Cooper.,.Leon N Cooper.,.Bronx, New York, U.S..,.(1930-02-28)
https://en.wikipedia.org//wiki/Gaspard-Gustave_Coriolis.,.Gaspard-Gustave de Coriolis.,.Paris, France.,.1 May 179
https://en.wikipedia.org//wiki/Allan_McLeod_Cormack.,.Allan MacLeod Cormack.,.Winchester, Massachusetts, United States.,.1998-05-07
https://en.wikipedia.org//wiki/Eric_Allin_Cornell.,.Eric Allin Cornell.,.Palo Alto, California, USA.,.(1961-12-19)
https://en.wikipedia.org//wiki/Marie_Alfred_Cornu.,.Marie Alfred Cornu.,.Orléans.,.1841-03-06
https://en.wikipedia.org//wiki/Charles-Augustin_de_Coulomb.,.Charles-Augustin de Coulomb.,.Angoulême, Angoumois, France.,.1736-06-14
https://en.wikipedia.org//wiki/Brian_Cox_(physicist).,.Brian Cox.,.Brian Edward Cox.,.(1968-03-03)
https://en.wikipedia.org//wiki/James_Cronin.,.James Cronin.,.James Watson Cronin.,.1931-09-29
https://en.wikipedia.org//wiki/Sir_William_Crookes.,.Sir William Crookes.,.London, England, UK.,.1832-06-17
https://en.wikipedia.org//wiki/Pierre_Curie.,.Pierre Curie.,.Paris, France.,.1859-05-15
https://en.wikipedia.org//wiki/Jean_le_Rond_d%27Alembert.,.Jean le Rond d'Alembert.,.Jean-Baptiste le Rond d'Alembert.,.1717-11-16
https://en.wikipedia.org//wiki/Gustaf_Dal%C3%A9n.,.Gustaf Dalén.,.Nils Gustaf Dalén.,.1869-11-30
https://en.wikipedia.org//wiki/Richard_Dalitz.,.Dick Dalitz.,.Oxford, England.,.2006-01-13
https://en.wikipedia.org//wiki/John_Dalton.,.John Dalton.,.Eaglesfield, Cumberland, England.,.1766-09-06
https://en.wikipedia.org//wiki/Charles_Galton_Darwin.,.Sir Charles Galton Darwin.,.Charles Galton Darwin.,.1887-12-18
https://en.wikipedia.org//wiki/Ashok_Das.,..,..,.See Wikipedia's guide to writing better articles for suggestions
https://en.wikipedia.org//wiki/Paul_Davies.,.Paul Davies.,.Paul Charles William Davies.,.(1946-04-22)
https://en.wikipedia.org//wiki/Raymond_Davis,_Jr..,.Raymond Davis Jr..,.Washington, D.C., United States.,.1914-10-14
https://en.wikipedia.org//wiki/Clinton_Davisson.,.Clinton Joseph Davisson.,.Bloomington, Illinois, USA.,.1881-10-22
https://en.wikipedia.org//wiki/Peter_Debye.,.Peter Debye.,.Maastricht, Netherlands.,.1884-03-24
https://en.wikipedia.org//wiki/Hans_Georg_Dehmelt.,.Hans Georg Dehmelt.,.Görlitz, Germany.,.1922-09-09
https://en.wikipedia.org//wiki/Max_Delbr%C3%BCck.,.Max Delbrück.,.Max Ludwig Henning Delbrück.,.1906-09-04
https://en.wikipedia.org//wiki/David_Deutsch.,.David Deutsch.,.David Elieser Deutsch.,.(1953-05-18)
https://en.wikipedia.org//wiki/James_Dewar.,.Sir James Dewar.,.Kincardine-on-Forth, Scotland.,.1842-09-20
https://en.wikipedia.org//wiki/Robbert_Dijkgraaf.,.Robbert Dijkgraaf.,.Robertus Henricus Dijkgraaf.,.(1960-01-24)
https://en.wikipedia.org//wiki/Paul_Dirac.,.Paul Dirac.,.Paul Adrien Maurice Dirac.,.1902-08-08
https://en.wikipedia.org//wiki/Amos_Dolbear.,.Amos Dolbear.,.Norwich, Connecticut.,.1837-11-10
https://en.wikipedia.org//wiki/Christian_Doppler.,.Christian Doppler.,.Salzburg, Electorate of Salzburg.,.1803-11-29
https://en.wikipedia.org//wiki/Friedrich_Ernst_Dorn.,.Friedrich Ernst Dorn.,.Guttstadt (Dobre Miasto), Province of Prussia.,.1848-07-27
https://en.wikipedia.org//wiki/Michael_R._Douglas.,.Michael R. Douglas.,.Baton Rouge, Louisiana.,.(1961-11-19)
https://en.wikipedia.org//wiki/Sidney_Drell.,.Sidney Drell.,.Palo Alto, California, U.S..,.2016-12-21
https://en.wikipedia.org//wiki/Paul_Drude.,.Paul Drude.,.Braunschweig, Duchy of Brunswick.,.1863-07-12
https://en.wikipedia.org//wiki/Pierre_Louis_Dulong.,.Pierre Louis Dulong.,.Rouen, France.,.1785-02-12
https://en.wikipedia.org//wiki/Freeman_Dyson.,.Freeman Dyson.,.Freeman John Dyson.,.(1923-12-15)
https://en.wikipedia.org//wiki/Joseph_H._Eberly.,..,..,.Please remove or replace such wording and instead of making proclamations about a subject's importance, use facts and attribution to demonstrate that importance
https://en.wikipedia.org//wiki/William_Eccles.,.William Eccles.,.Oxford.,.9 April 196
https://en.wikipedia.org//wiki/Arthur_Stanley_Eddington.,.Sir Arthur Eddington.,.Arthur Stanley Eddington.,.1882-12-28
https://en.wikipedia.org//wiki/Thomas_Edison.,.Thomas Edison.,.Thomas Alva Edison.,.1847-02-11
https://en.wikipedia.org//wiki/Paul_Ehrenfest.,.Paul Ehrenfest.,.Vienna, Austria-Hungary.,.1880-01-18
https://en.wikipedia.org//wiki/Felix_Ehrenhaft.,.Felix Ehrenhaft.,.Vienna, Austria-Hungary.,.1879-04-24
https://en.wikipedia.org//wiki/Manfred_Eigen.,.Manfred Eigen.,.Bochum, Germany.,. May 192
https://en.wikipedia.org//wiki/Albert_Einstein.,.Albert Einstein.,.Ulm, Kingdom of Württemberg, German Empire.,.1879-03-14
https://en.wikipedia.org//wiki/Terence_James_Elkins.,.Terence James Elkins.,.Melbourne, Victoria, Australia.,. March 193
https://en.wikipedia.org//wiki/John_Ellis_(physicist).,.John Ellis.,.Hampstead, London.,.(1946-07-01)
https://en.wikipedia.org//wiki/Paul_John_Ellis.,.Paul John Ellis.,.St. Louis Park, Minnesota (USA).,.5 May 200
https://en.wikipedia.org//wiki/Fran%C3%A7ois_Englert.,.François Englert.,.Etterbeek, Brussels, Belgium[1].,.(1932-11-06)
https://en.wikipedia.org//wiki/Leo_Esaki.,.Leo Esaki.,.Takaida-mura, Nakakawachi-gun, Osaka Prefecture, Japan.,.(1925-03-12)
https://en.wikipedia.org//wiki/Louis_Essen.,.Louis Essen.,.Great Bookham, Surrey, England, U.K..,.1997-08-24
https://en.wikipedia.org//wiki/Leonhard_Euler.,.Leonhard Euler.,.Basel, Switzerland.,.1707-04-15
https://en.wikipedia.org//wiki/Denis_Evans.,..,..,.Please help by adding reliable sources. Contentious material about living persons that is unsourced or poorly sourced must be removed immediately, especially if potentially libelous or harmful
https://en.wikipedia.org//wiki/James_Alfred_Ewing.,.Sir James Alfred Ewing.,.Dundee, Scotland.,.1855-03-27
https://en.wikipedia.org//wiki/Franz_S._Exner.,.Franz S. Exner.,.Vienna, Austrian Empire.,.1849-03-24
https://en.wikipedia.org//wiki/Ludvig_Faddeev.,.Ludvig Faddeev.,.Leningrad, Soviet Union.,.1934-03-23
https://en.wikipedia.org//wiki/Kazimierz_Fajans.,.Kazimierz Fajans.,.Warsaw, Poland.,.1887-05-27
https://en.wikipedia.org//wiki/Michael_Faraday.,.Michael Faraday.,.Newington Butts, England.,.1791-09-22
https://en.wikipedia.org//wiki/Mitchell_Feigenbaum.,.Mitchell J. Feigenbaum.,.New York City, United States.,.(1944-12-19)
https://en.wikipedia.org//wiki/Enrico_Fermi.,.Enrico Fermi.,.Rome, Italy.,.1901-09-29
https://en.wikipedia.org//wiki/Albert_Fert.,.Albert Fert.,.Carcassonne, Aude, France.,.(1938-03-07)
https://en.wikipedia.org//wiki/Richard_Feynman.,.Richard Feynman.,.Richard Phillips Feynman.,.1918-05-11
https://en.wikipedia.org//wiki/Val_Logsdon_Fitch.,.Val Logsdon Fitch.,.Merriman, Nebraska.,.1923-03-10
https://en.wikipedia.org//wiki/Vladimir_Fock.,.Vladimir Fock.,.St. Petersburg, Russia.,.1898-12-22
https://en.wikipedia.org//wiki/Adriaan_Fokker.,.Adriaan Fokker.,.Adriaan Daniël Fokker.,.1887-08-17
https://en.wikipedia.org//wiki/Jeff_Forshaw.,.Jeff Forshaw.,.Jeffrey Robert Forshaw.,.1968-02-26
https://en.wikipedia.org//wiki/Joseph_Fourier.,.Joseph Fourier.,.Auxerre, Burgundy, Kingdom of France (now in Yonne, France).,.1768-03-21
https://en.wikipedia.org//wiki/Ralph_H._Fowler.,.Sir Ralph Howard Fowler.,.Fedsden, Roydon, Essex, England.,.1889-01-17
https://en.wikipedia.org//wiki/James_Franck.,.James Franck.,.Hamburg, German Empire.,.1882-08-26
https://en.wikipedia.org//wiki/Ilya_Frank.,.Ilya Frank.,.Ilya Mikhailovich Frank.,.1908-10-23
https://en.wikipedia.org//wiki/Rosalind_Franklin.,.Rosalind Elsie Franklin.,.Rosalind Elsie Franklin.,.1920-07-25
https://en.wikipedia.org//wiki/Joseph_von_Fraunhofer.,.Joseph von Fraunhofer.,.Straubing, Electorate of Bavaria in the Holy Roman Empire.,.1787-03-06
https://en.wikipedia.org//wiki/Joan_Maie_Freeman.,.Joan M. Freeman.,.Oxford.,.1998-03-18
https://en.wikipedia.org//wiki/Augustin-Jean_Fresnel.,.Augustin-Jean Fresnel.,.Broglie, Kingdom of France (now Eure, France).,.1788-05-10
https://en.wikipedia.org//wiki/Alexander_Friedman.,.Alexander Friedmann.,.Alexander Alexandrovich Friedmann.,.1888-06-16
https://en.wikipedia.org//wiki/Jerome_Isaac_Friedman.,.Jerome Isaac Friedman.,.Chicago, Illinois.,.(1930-03-28)
https://en.wikipedia.org//wiki/Otto_Frisch.,.Otto Robert Frisch.,.Vienna, Austria-Hungary.,.1904-10-01
https://en.wikipedia.org//wiki/Dennis_Gabor.,.Dennis Gabor.,.Günszberg Dénes.,.1900-06-05
https://en.wikipedia.org//wiki/Luigi_Galvani.,.Luigi Galvani.,.Bologna, Papal States.,.1737-09-09
https://en.wikipedia.org//wiki/George_Gamow.,.George Gamow.,.Georgiy Antonovich Gamov.,.1904-03-04
https://en.wikipedia.org//wiki/Sylvester_James_Gates.,.Sylvester James Gates, Jr..,.Tampa, Florida, United States[1].,.(1950-12-15)
https://en.wikipedia.org//wiki/Carl_Friedrich_Gauss.,.Carl Friedrich Gauss.,.Johann Carl Friedrich Gauss.,.1777-04-30
https://en.wikipedia.org//wiki/Pamela_L._Gay.,.Pamela L. Gay.,.California, United States.,.(1973-12-12)
https://en.wikipedia.org//wiki/Hans_Geiger.,.Hans Geiger.,.Neustadt an der Haardt, Palatinate, German Empire.,.1882-09-30
https://en.wikipedia.org//wiki/Murray_Gell-Mann.,.Murray Gell-Mann.,.Manhattan, New York City, U.S..,.(1929-09-15)
https://en.wikipedia.org//wiki/Pierre-Gilles_de_Gennes.,.Pierre-Gilles de Gennes.,.Paris, France.,.1932-10-24
https://en.wikipedia.org//wiki/Walter_Gerlach.,.Walther Gerlach.,.Biebrich, Hessen-Nassau, German Empire.,.1889-08-01
https://en.wikipedia.org//wiki/Ivar_Giaever.,.Ivar Giæver.,.Bergen, Norway.,.(1929-04-05)
https://en.wikipedia.org//wiki/Josiah_Willard_Gibbs.,.Josiah Willard Gibbs.,.New Haven, Connecticut, U.S..,.1839-02-11
https://en.wikipedia.org//wiki/Piara_Singh_Gill.,.Piara Singh Gill.,.Hoshiarpur district,PunjabBritish India.,.1911-10-28
https://en.wikipedia.org//wiki/Vitaly_Ginzburg.,.Vitaly Ginzburg.,.Vitaly Lazarevich Ginzburg.,.1916-10-04
https://en.wikipedia.org//wiki/Donald_A._Glaser.,.Donald A. Glaser.,.Donald Arthur Glaser.,.1926-09-21
https://en.wikipedia.org//wiki/Sheldon_Lee_Glashow.,.Sheldon Lee Glashow.,.New York City, New York, U.S..,.(1932-12-05)
https://en.wikipedia.org//wiki/Roy_J._Glauber.,.Roy J. Glauber.,.Roy Jay Glauber.,.1925-09-01
https://en.wikipedia.org//wiki/James_Glimm.,.James G. Glimm.,.Peoria, Illinois.,.(1934-03-24)
https://en.wikipedia.org//wiki/Maria_Goeppert-Mayer.,.Maria Goeppert Mayer.,.Maria Göppert.,.1906-06-28
https://en.wikipedia.org//wiki/Samuel_Goudsmit.,.Samuel Goudsmit.,.Samuel Abraham Goudsmit.,.1902-07-11
https://en.wikipedia.org//wiki/Leo_Graetz.,.Leo Graetz.,.Breslau, Prussia.,.1856-09-26
https://en.wikipedia.org//wiki/Brian_Greene.,.Brian Greene.,.Brian Randolph Greene.,.(1963-02-09)
https://en.wikipedia.org//wiki/Peter_Gr%C3%BCnberg.,.Peter Grünberg.,.Peter Andreas Grünberg.,.1939-05-18
https://en.wikipedia.org//wiki/Charles_Edouard_Guillaume.,.Charles Édouard Guillaume.,.Fleurier, Switzerland.,.1861-02-15
https://en.wikipedia.org//wiki/Feza_G%C3%BCrsey.,.Feza Gürsey[1].,.New Haven, Connecticut.,.1992-04-13
https://en.wikipedia.org//wiki/Alan_Guth.,.Alan Guth.,.New Brunswick, New Jersey, U.S..,.(1947-02-27)
https://en.wikipedia.org//wiki/Martin_Gutzwiller.,.Martin C. Gutzwiller.,.Basel, Switzerland.,.1925-10-12
https://en.wikipedia.org//wiki/Wander_Johannes_de_Haas.,.W. J. de Haas.,.Bilthoven, Netherlands.,.1960-04-26
https://en.wikipedia.org//wiki/Carl_Richard_Hagen.,.Carl Richard Hagen.,.Chicago, Illinois.,.(1937-02-02)
https://en.wikipedia.org//wiki/Viktor_Hambardzumyan.,.Victor Hambardzumyan.,.Tiflis, Russian Empire(modern-day Tbilisi, Georgia).,.1908-09-18
https://en.wikipedia.org//wiki/William_Rowan_Hamilton.,.Sir William Rowan Hamilton.,.Dublin, Ireland.,.1805-08-04
https://en.wikipedia.org//wiki/Peter_Andreas_Hansen.,.Peter Andreas Hansen.,.Tønder, Schleswig.,.1795-12-08
https://en.wikipedia.org//wiki/W.W._Hansen.,.William Webster Hansen.,.Palo Alto, California.,.1949-05-23
https://en.wikipedia.org//wiki/Serge_Haroche.,.Serge Haroche.,.Casablanca, Morocco[1](then a French protectorate).,.(1944-09-11)
https://en.wikipedia.org//wiki/Paul_Harteck.,.Paul Harteck.,.Paul Karl Maria Harteck.,.1902-07-20
https://en.wikipedia.org//wiki/Douglas_Hartree.,.Douglas Hartree.,.Cambridge, Cambridgeshire, England, UK.,.1958-02-12
https://en.wikipedia.org//wiki/Friedrich_Hasen%C3%B6hrl.,.Friedrich Hasenöhrl.,.Vienna, Austria-Hungary.,.1874-11-30
https://en.wikipedia.org//wiki/Lene_Vestergaard_Hau.,.Lene Hau.,.Vejle, Denmark.,.(1959-11-13)
https://en.wikipedia.org//wiki/Stephen_Hawking.,.Stephen Hawking.,.Stephen William Hawking.,.1942-01-08
https://en.wikipedia.org//wiki/Ibn_al-Haytham.,.Hasan Ibn al-Haytham(Alhazen).,.Basra, Iraq.,.. 965 (0965) (c. 354 AH)[1]
https://en.wikipedia.org//wiki/Oliver_Heaviside.,.Oliver Heaviside.,.Camden Town, Middlesex, England.,.1850-05-18
https://en.wikipedia.org//wiki/Werner_Heisenberg.,.Werner Heisenberg.,.Werner Karl Heisenberg.,.1901-12-05
https://en.wikipedia.org//wiki/Walter_Heitler.,.Walter Heitler.,.Karlsruhe, German Empire.,.1904-01-02
https://en.wikipedia.org//wiki/Hermann_von_Helmholtz.,.Hermann von Helmholtz.,.Hermann Ludwig Ferdinand Helmholtz.,.1821-08-31
https://en.wikipedia.org//wiki/Gustav_Ludwig_Hertz.,.Gustav Ludwig Hertz.,.Free Hanseatic city of Hamburg, German Empire.,.1887-07-22
https://en.wikipedia.org//wiki/Heinrich_Rudolf_Hertz.,.Heinrich Hertz.,.Heinrich Rudolf Hertz.,.1857-02-22
https://en.wikipedia.org//wiki/Karl_Herzfeld.,.Karl Herzfeld.,.Vienna, Austria-Hungary.,.1892-02-24
https://en.wikipedia.org//wiki/Victor_Francis_Hess.,.Victor Franz Hess.,.Victor Franz Hess.,.1883-06-24
https://en.wikipedia.org//wiki/Paul_G._Hewitt.,.Paul G. Hewitt.,.Saugus, Massachusetts, U.S..,.(1931-03-22)
https://en.wikipedia.org//wiki/Peter_Higgs.,.Peter Higgs.,.Peter Ware Higgs.,.(1929-05-29)
https://en.wikipedia.org//wiki/George_William_Hill.,.George William Hill.,.New York City, U.S..,.1838-03-03
https://en.wikipedia.org//wiki/Dorothy_Crowfoot_Hodgkin.,.Dorothy Hodgkin.,.Dorothy Mary Crowfoot.,.1910-05-12
https://en.wikipedia.org//wiki/Robert_Hofstadter.,.Robert Hofstadter.,.New York City.,.1915-02-05
https://en.wikipedia.org//wiki/Gerardus_%27t_Hooft.,.Gerard 't Hooft.,.Den Helder, Netherlands.,.(1946-07-05)
https://en.wikipedia.org//wiki/John_Hopkinson.,.John Hopkinson.,.Val d'Herens, Switzerland.,.1898-08-27
https://en.wikipedia.org//wiki/Fred_Hoyle.,.Sir Fred Hoyle.,.Gilstead, Bingley, West Riding of Yorkshire, England.,.1915-06-24
https://en.wikipedia.org//wiki/Edwin_Powell_Hubble.,.Edwin Hubble.,.Edwin Powell Hubble.,.1889-11-20
https://en.wikipedia.org//wiki/Russell_Alan_Hulse.,.Russell Alan Hulse.,.New York City, New York.,.(1950-11-28)
https://en.wikipedia.org//wiki/Friedrich_Hund.,.Friedrich Hund.,.Karlsruhe.,. February 189
https://en.wikipedia.org//wiki/Christiaan_Huygens.,.Christiaan Huygens.,.The Hague, Dutch Republic.,.1629-04-14
https://en.wikipedia.org//wiki/Arthur_Iberall.,.Arthur S. Iberall.,.Arthur Saul Iberall.,.1918-06-12
https://en.wikipedia.org//wiki/Abram_Ioffe.,.Abram Ioffe.,.Abram Fedorovich (or Fyodorovich) Ioffe.,.1880-10-29
https://en.wikipedia.org//wiki/Ernst_Ising.,.Ernst Ising.,.Peoria, Illinois, United States.,.1998-05-11
https://en.wikipedia.org//wiki/Boris_Jacobi.,.Moritz Hermann von Jacobi.,.Potsdam, Kingdom of Prussia.,.1801-09-21
https://en.wikipedia.org//wiki/Ali_Javan.,.Ali Javan.,.Tabriz, Iran.,.1926-12-26
https://en.wikipedia.org//wiki/Edwin_Thompson_Jaynes.,.E. T. Jaynes.,.Waterloo, Iowa.,.1922-07-05
https://en.wikipedia.org//wiki/Antal_J%C3%A1kli.,..,..,.It may need editing to conform to Wikipedia's neutral point of view policy. There may be relevant discussion on the talk page
https://en.wikipedia.org//wiki/James_Hopwood_Jeans.,.Sir James Hopwood Jeans.,.Southport (Ormskirk Registration District), Lancashire, England.,.1877-09-11
https://en.wikipedia.org//wiki/J._Hans_D._Jensen.,.J. Hans D. Jensen.,.Johannes Hans Daniel Jensen.,.1907-06-25
https://en.wikipedia.org//wiki/Deborah_S._Jin.,.Deborah S. Jin.,.Stanford, California.,.1968-11-15
https://en.wikipedia.org//wiki/Ir%C3%A8ne_Joliot-Curie.,.Irène Joliot-Curie.,.Irène Curie.,.1897-09-12
https://en.wikipedia.org//wiki/Brian_David_Josephson.,.Brian Josephson.,.Brian David Josephson.,.(1940-01-04)
https://en.wikipedia.org//wiki/James_Prescott_Joule.,.James Prescott Joule.,.Salford, Lancashire, England.,.1818-12-24
https://en.wikipedia.org//wiki/Menas_Kafatos.,.Menas C. Kafatos.,.Crete, Greece.,.(1945-03-25)
https://en.wikipedia.org//wiki/Michio_Kaku.,.Michio Kaku.,.San Jose, California, United States.,.(1947-01-24)
https://en.wikipedia.org//wiki/Heike_Kamerlingh_Onnes.,.Heike Kamerlingh Onnes.,.Heike Kamerlingh Onnes.,.1853-09-21
https://en.wikipedia.org//wiki/Theodore_von_K%C3%A1rm%C3%A1n.,.Theodore von Kármán.,.Budapest, Austria-Hungary.,.1881-05-11
https://en.wikipedia.org//wiki/Heinrich_Kayser.,.Heinrich Kayser.,.Heinrich Gustav Johannes Kayser.,.1853-03-16
https://en.wikipedia.org//wiki/Willem_Hendrik_Keesom.,.Willem Keesom.,.Texel.,.1 June 187
https://en.wikipedia.org//wiki/Henry_Way_Kendall.,.Henry Way Kendall.,.Boston, Massachusetts.,.1926-12-09
https://en.wikipedia.org//wiki/John_Kerr_(physicist).,.John Kerr (physicist).,.Ardrossan, Scotland.,.1824-12-17
https://en.wikipedia.org//wiki/Jim_Al-Khalili.,.Jim Al-Khalili.,.Jameel Sadik Al-Khalili[1].,.(1962-09-20)
https://en.wikipedia.org//wiki/Abdul_Qadeer_Khan.,..,..,.Please help by adding reliable sources. Contentious material about living persons that is unsourced or poorly sourced must be removed immediately, especially if potentially libelous or harmful
https://en.wikipedia.org//wiki/Jack_Kilby.,.Jack Kilby.,.Jefferson City, Missouri, U.S..,.1923-11-08
https://en.wikipedia.org//wiki/Gustav_Kirchhoff.,.Gustav Kirchhoff.,.Gustav Robert Kirchhoff.,.1824-03-12
https://en.wikipedia.org//wiki/Oskar_Klein.,.Oskar Klein.,.Mörby, Sweden.,.1894-09-15
https://en.wikipedia.org//wiki/Klaus_von_Klitzing.,.Klaus von Klitzing.,.Schroda, Reichsgau Posen, Germany (present-day Poland).,.(1943-06-28)
https://en.wikipedia.org//wiki/Masatoshi_Koshiba.,.Masatoshi Koshiba.,.Toyohashi, Aichi, Japan.,.(1926-09-19)
https://en.wikipedia.org//wiki/Hendrik_Kramers.,.Hans Kramers.,.Hendrik Anthony Kramers.,.1894-02-02
https://en.wikipedia.org//wiki/Lawrence_M._Krauss.,.Lawrence M. Krauss.,.Lawrence Maxwell Krauss.,.(1954-05-27)
https://en.wikipedia.org//wiki/Ralph_Kronig.,.Ralph Kronig.,.Dresden, Germany.,.arch 10, 190
https://en.wikipedia.org//wiki/Polykarp_Kusch.,.Polykarp Kusch.,.Blankenburg, District of Blankenburg, Duchy of Brunswick, German Empire.,.1911-01-26
https://en.wikipedia.org//wiki/Joseph_Louis_Lagrange.,.Joseph-Louis Lagrange.,.Giuseppe Lodovico Lagrangia.,.1736-01-25
https://en.wikipedia.org//wiki/Willis_Lamb.,.Willis Lamb.,.Willis Eugene Lamb Jr..,.1913-07-12
https://en.wikipedia.org//wiki/Lev_Davidovich_Landau.,.Lev Landau.,.Lev Davidovich Landau.,.(1908-01-22)22 January 1908
https://en.wikipedia.org//wiki/Rolf_Landauer.,.Rolf William Landauer.,.Briarcliff Manor, New York, U.S..,.1999-04-28
https://en.wikipedia.org//wiki/Grigory_Landsberg.,.Grigory Samuilovich Landsberg.,.Vologda, Russia[1].,.1890-01-22
https://en.wikipedia.org//wiki/Paul_Langevin.,.Paul Langevin.,.Paris, France.,.1872-01-23
https://en.wikipedia.org//wiki/Irving_Langmuir.,.Irving Langmuir.,.Brooklyn, New York, U.S..,.1881-01-31
https://en.wikipedia.org//wiki/Pierre-Simon_Laplace.,.Pierre-Simon Laplace.,.Beaumont-en-Auge, Normandy, Kingdom of France.,.1749-03-23
https://en.wikipedia.org//wiki/Joseph_Larmor.,.Joseph Larmor.,.Holywood, County Down, Northern Ireland[1].,.1942-05-19
https://en.wikipedia.org//wiki/Cesar_Lattes.,.César Lattes.,.Campinas, São Paulo, Brazil.,.2005-03-08
https://en.wikipedia.org//wiki/Max_von_Laue.,.Max von Laue.,.Max Theodor Felix Laue.,.1879-10-09
https://en.wikipedia.org//wiki/Robert_B._Laughlin.,.Robert Betts Laughlin.,.Visalia, California, United States.,.(1950-11-01)
https://en.wikipedia.org//wiki/Mikhail_Lavrentyev.,.Mikhail Lavrentyev.,.Kazan, Russian Empire.,.1900-11-19
https://en.wikipedia.org//wiki/Melvin_Lax.,.Melvin Lax.,.New Jersey.,.2002-12-08
https://en.wikipedia.org//wiki/Ernest_Lawrence.,.Ernest Lawrence.,.Ernest Orlando Lawrence.,.1901-08-08
https://en.wikipedia.org//wiki/Pyotr_Nikolaevich_Lebedev.,.Pyotr Nikolaevich Lebedev.,.Moscow, Russian Empire.,.1866-02-24
https://en.wikipedia.org//wiki/Leon_M._Lederman.,.Leon M. Lederman.,.Leon Max Lederman.,.1922-07-15
https://en.wikipedia.org//wiki/Benjamin_Lee_(physicist).,.Benjamin Whisoh Lee.,.Seoul, Japanese Korea.,.1935-01-01
https://en.wikipedia.org//wiki/David_Lee_(physicist).,.David Morris Lee.,.Rye, New York.,.(1931-01-20)
https://en.wikipedia.org//wiki/Anthony_James_Leggett.,.Sir Anthony Leggett.,.Anthony James Leggett.,.(1938-03-26)
https://en.wikipedia.org//wiki/Georges_Lema%C3%AEtre.,.The Reverend Monsignor.,.Charleroi, Belgium.,.1894-07-17
https://en.wikipedia.org//wiki/Philipp_Lenard.,.Philipp Lenard.,.Philipp Eduard Anton von Lenard.,.1862-06-07
https://en.wikipedia.org//wiki/John_Lennard-Jones.,.Sir John Lennard-Jones.,.John Edward Jones.,.7 October 189
https://en.wikipedia.org//wiki/John_Leslie_(physicist).,.John Leslie.,.Largo, Fife.,.0 April 176
https://en.wikipedia.org//wiki/Walter_Lewin.,.Walter H.G. Lewin.,.The Hague, Netherlands.,.(1936-01-29)
https://en.wikipedia.org//wiki/Martin_Lewis_Perl.,.Martin Lewis Perl.,.New York City, New York.,.1927-06-24
https://en.wikipedia.org//wiki/Evgeny_Lifshitz.,.Evgeny Mikhailovich Lifshitz.,.Moscow, Russian SFSR, USSR.,.1985-10-29
https://en.wikipedia.org//wiki/John_Linsley.,.John D. Linsley.,.John David Linsley.,.1925-03-12
https://en.wikipedia.org//wiki/Chris_Lintott.,.Chris Lintott.,.Christopher John Lintott.,.(1980-11-26)
https://en.wikipedia.org//wiki/Gabriel_Jonas_Lippmann.,.Gabriel Lippmann.,.Jonas Ferdinand Gabriel Lippmann.,.1845-08-16
https://en.wikipedia.org//wiki/Antony_Garrett_Lisi.,.Garrett Lisi.,.Antony Garrett Lisi.,.(1968-01-24)
https://en.wikipedia.org//wiki/Oliver_Lodge.,.Sir Oliver Lodge.,.Oliver Joseph Lodge.,.1851-06-12
https://en.wikipedia.org//wiki/Hendrik_Lorentz.,.Hendrik Antoon Lorentz.,.Arnhem, Netherlands.,.1853-07-18
https://en.wikipedia.org//wiki/Ludvig_Lorenz.,.Ludvig Lorenz.,.Helsingør, Denmark.,.1829-01-18
https://en.wikipedia.org//wiki/Per-Olov_L%C3%B6wdin.,.Per-Olov Löwdin.,.Uppsala, Sweden.,.2000-10-06
https://en.wikipedia.org//wiki/Aleksandr_Mikhailovich_Lyapunov.,.Aleksandr Mikhailovich Lyapunov.,.Yaroslavl, Russian Empire.,.1857-06-06
https://en.wikipedia.org//wiki/Joseph_Lykken.,.Joseph Lykken.,.Minneapolis, Minnesota, United States.,.(1957-06-17)
https://en.wikipedia.org//wiki/Arthur_B._McDonald.,.Arthur B. McDonald.,.Arthur Bruce McDonald.,.(1943-08-29)
https://en.wikipedia.org//wiki/Theodore_Maiman.,.Theodore Harold Maiman.,.Theodore Harold Maiman.,.1927-07-11
https://en.wikipedia.org//wiki/Juan_Mart%C3%ADn_Maldacena.,.Juan Maldacena.,.Buenos Aires, Argentina.,.(1968-09-10)
https://en.wikipedia.org//wiki/Peter_Mansfield.,.Sir Peter Mansfield.,.Lambeth, London, England.,.1933-10-09
https://en.wikipedia.org//wiki/Carlo_Marangoni.,.Carlo Marangoni.,.Florence, Italy.,.1925-04-14
https://en.wikipedia.org//wiki/Guglielmo_Marconi.,.Guglielmo Marconi.,.Guglielmo Giovanni Maria Marconi.,.1874-04-25
https://en.wikipedia.org//wiki/Henry_Margenau.,.Henry Margenau.,.Hamden, Connecticut.,.1997-02-08
https://en.wikipedia.org//wiki/Walter_Marshall,_Baron_Marshall_of_Goring.,.The Lord Marshall of Goring.,.London.,.0 February 199
https://en.wikipedia.org//wiki/Harrie_Massey.,.Harrie Massey.,.Invermay, Victoria, Australia.,.1908-05-16
https://en.wikipedia.org//wiki/John_C._Mather.,.John Cromwell Mather.,.Roanoke, Virginia, USA.,.(1946-08-07)
https://en.wikipedia.org//wiki/James_Clerk_Maxwell.,.James Clerk Maxwell.,.Edinburgh, Scotland.,.1831-06-13
https://en.wikipedia.org//wiki/Maria_Goeppert_Mayer.,.Maria Goeppert Mayer.,.Maria Göppert.,.1906-06-28
https://en.wikipedia.org//wiki/Simon_van_der_Meer.,.Simon van der Meer.,.The Hague, Netherlands.,.1925-11-24
https://en.wikipedia.org//wiki/Fulvio_Melia.,..,..,.It may require cleanup to comply with Wikipedia's content policies, particularly neutral point of view. Please discuss further on the talk page
https://en.wikipedia.org//wiki/Macedonio_Melloni.,.Macedonio Melloni.,.Parma.,.1798-04-11
https://en.wikipedia.org//wiki/Albert_Abraham_Michelson.,.Albert A. Michelson.,.Strzelno, Kingdom of Prussia (modern Poland).,.1852-12-19
https://en.wikipedia.org//wiki/Arthur_Milne.,.Arthur Milne.,.Kingston upon Hull, Yorkshire, England.,.1896-02-14
https://en.wikipedia.org//wiki/John_J._Montgomery.,.John Joseph Montgomery.,.Yuba City, California.,.1858-02-15
https://en.wikipedia.org//wiki/Henry_Moseley.,.Henry  Moseley.,.Henry Gwyn Jeffreys Moseley.,.3 November 188
https://en.wikipedia.org//wiki/Nevill_Mott.,.Sir Nevill Mott.,.Nevill Francis Mott.,.1905-09-30
https://en.wikipedia.org//wiki/Ben_Roy_Mottelson.,.Ben Roy Mottelson.,.Chicago, Illinois, U.S..,.(1926-07-09)
https://en.wikipedia.org//wiki/Am%C3%A9d%C3%A9e_Mouchez.,.Amédée Mouchez.,.Madrid, Spain.,.1821-08-24
https://en.wikipedia.org//wiki/Jos%C3%A9_Enrique_Moyal.,.José Enrique Moyal.,.Canberra, Australia.,.1998-05-22
https://en.wikipedia.org//wiki/Pieter_van_Musschenbroek.,.Pieter van Musschenbroek.,.Leiden, Dutch Republic.,.1692-03-14
https://en.wikipedia.org//wiki/Jayant_Narlikar.,.Jayant Vishnu Narlikar.,.Kolhapur, Kolhapur State, Deccan, British India(Maharashtra, India).,.(1938-07-19)
https://en.wikipedia.org//wiki/Seth_Neddermeyer.,.Seth Neddermeyer.,.Seth Henry Neddermeyer.,.1907-09-16
https://en.wikipedia.org//wiki/Louis_N%C3%A9el.,.Louis Néel.,.Louis Eugène Félix Néel.,.1904-11-22
https://en.wikipedia.org//wiki/John_von_Neumann.,.John von Neumann.,.Neumann János Lajos.,.1903-12-28
https://en.wikipedia.org//wiki/Simon_Newcomb.,.Simon Newcomb.,.Wallace, Nova Scotia, Canada.,.1835-03-12
https://en.wikipedia.org//wiki/Sir_Isaac_Newton.,.Sir.,.Woolsthorpe, Lincolnshire, England.,.1643-01-04
https://en.wikipedia.org//wiki/Leopoldo_Nobili.,.Leopoldo Nobili.,.Trassilico.,.1784-07-05
https://en.wikipedia.org//wiki/Emmy_Noether.,.Emmy Noether.,.Amalie Emmy Noether.,.1882-03-23
https://en.wikipedia.org//wiki/H._Pierre_Noyes.,.H. Pierre Noyes.,.Stanford, United States.,.2016-09-30
https://en.wikipedia.org//wiki/Georg_Ohm.,.Georg Simon Ohm.,.Erlangen, Brandenburg-Bayreuth in the Holy Roman Empire (present-day Germany).,.1789-03-16
https://en.wikipedia.org//wiki/Susumu_Okubo.,.Susumu Okubo.,.Rochester, New York, United States.,.2015-07-17
https://en.wikipedia.org//wiki/Mark_Oliphant.,.Sir Mark Oliphant.,.Kent Town, Adelaide, Australia.,.1901-10-08
https://en.wikipedia.org//wiki/David_Olive.,.David Olive.,.Middlesex, England[2].,.1937-04-16
https://en.wikipedia.org//wiki/Gerard_K._O%27Neill.,.Gerard K. O'Neill.,.Gerard Kitchen O'Neill.,.1927-02-06
https://en.wikipedia.org//wiki/Lars_Onsager.,.Lars Onsager.,.Kristiania (Oslo), Norway.,.1903-11-27
https://en.wikipedia.org//wiki/Robert_Oppenheimer.,.J. Robert Oppenheimer.,.New York City, New York.,.1904-04-22
https://en.wikipedia.org//wiki/Hans_Christian_%C3%98rsted.,.Hans Christian Ørsted.,.Rudkøbing, Denmark.,.1777-08-14
https://en.wikipedia.org//wiki/Douglas_D._Osheroff.,.Douglas Osheroff.,.Douglas Dean Osheroff.,.(1945-08-01)
https://en.wikipedia.org//wiki/Mikhail_Vasilievich_Ostrogradsky.,.Mikhail Ostrogradsky.,.Pashenivka, (Government of Poltava, Russian Empire; now Poltava Oblast, Ukraine).,.1801-09-24
https://en.wikipedia.org//wiki/Thanu_Padmanabhan.,.Thanu Padmanabhan.,.Thiruvananthapuram, Kerala[citation needed].,.(1957-03-10)
https://en.wikipedia.org//wiki/Wolfgang_K._H._Panofsky.,.Wolfgang K. H. Panofsky.,.Los Altos, California.,.2007-09-24
https://en.wikipedia.org//wiki/Blaise_Pascal.,.Blaise Pascal.,.Clermont-Ferrand,Auvergne, France.,.1623-06-19
https://en.wikipedia.org//wiki/John_Pasta.,.John Pasta.,.Washington, DC, U.S..,.1981-06-05
https://en.wikipedia.org//wiki/Wolfgang_Paul.,.Wolfgang Paul.,.Lorenzkirch, Saxony, German Empire.,.1913-08-10
https://en.wikipedia.org//wiki/Wolfgang_Pauli.,.Wolfgang Ernst Pauli.,.Wolfgang Ernst Pauli.,.1900-04-25
https://en.wikipedia.org//wiki/Ruby_Payne-Scott.,.Ruby Payne-Scott.,.Ruby Violet Payne-Scott.,.1912-05-28
https://en.wikipedia.org//wiki/George_B._Pegram.,.George B. Pegram.,.Trinity, North Carolina.,.1876-10-24
https://en.wikipedia.org//wiki/Roger_Penrose.,.Sir.,.Colchester, Essex, England.,.(1931-08-08)
https://en.wikipedia.org//wiki/Arno_Allan_Penzias.,.Arno Allan Penzias.,.Munich, Germany.,.(1933-04-26)
https://en.wikipedia.org//wiki/Martin_Lewis_Perl.,.Martin Lewis Perl.,.New York City, New York.,.1927-06-24
https://en.wikipedia.org//wiki/Saul_Perlmutter.,.Saul Perlmutter.,.Champaign-Urbana, Illinois, U.S..,.(1959-09-22)
https://en.wikipedia.org//wiki/Jean_Baptiste_Perrin.,.Jean Baptiste Perrin.,.Lille, France.,.1870-09-30
https://en.wikipedia.org//wiki/William_Daniel_Phillips.,.William Daniel Phillips.,.Wilkes-Barre, Pennsylvania.,.(1948-11-05)
https://en.wikipedia.org//wiki/Joseph_Plateau.,.Joseph Antoine Ferdinand Plateau.,.Brussels.,.1801-10-14
https://en.wikipedia.org//wiki/Milton_S._Plesset.,.Milton Spinoza Plesset.,.Pittsburgh, Pennsylvania.,.1908-02-07
https://en.wikipedia.org//wiki/Boris_Podolsky.,.Boris Podolsky.,.Cincinnati, USA.,.8 November 196
https://en.wikipedia.org//wiki/Sim%C3%A9on_Denis_Poisson.,.Siméon Poisson.,.Pithiviers, Orléanais, Kingdom of France(present-day Loiret, France).,.1781-06-21
https://en.wikipedia.org//wiki/Balthasar_van_der_Pol.,.Balthasar van der Pol.,.Utrecht.,.1889-01-27
https://en.wikipedia.org//wiki/Joseph_Polchinski.,.Joseph Polchinski.,.Joseph Gerard Polchinski.,.1954-05-16
https://en.wikipedia.org//wiki/John_Polkinghorne.,.The Reverend Canon.,.Weston-super-Mare, England, UK.,.(1930-10-16)
https://en.wikipedia.org//wiki/Heraclides_Ponticus.,.vte.,.
Almagest (Ptolemy)
On Sizes and Distances (Hipparchus)
On the Sizes and Distances (Aristarchus)
On the Heavens (Aristotle)
.,.Ptolemy
https://en.wikipedia.org//wiki/Heinz_Pose.,.Heinz Pose.,.Dresden, East Germany (present-day Germany).,.1975-11-13
https://en.wikipedia.org//wiki/Cecil_Frank_Powell.,.C. F. Powell.,.Cecil Frank Powell.,.1903-12-05
https://en.wikipedia.org//wiki/John_Henry_Poynting.,.John Poynting.,.Monton, Lancashire, England.,.1852-09-09
https://en.wikipedia.org//wiki/Ludwig_Prandtl.,.Ludwig Prandtl.,.Freising, Upper Bavaria, German Empire.,.1875-02-04
https://en.wikipedia.org//wiki/Ilya_Prigogine.,.Ilya Prigogine.,.Ilya Romanovich Prigogine.,.1917-01-25
https://en.wikipedia.org//wiki/Alexander_Prokhorov.,.Alexander Prokhorov.,.Alexander Michael Prochoroff.,.1916-07-11
https://en.wikipedia.org//wiki/William_Prout.,.William Prout.,.Horton, Gloucestershire, England.,.5 January 178
https://en.wikipedia.org//wiki/Luigi_Puccianti.,.Luigi Puccianti.,.Pisa, Italy.,. June 195
https://en.wikipedia.org//wiki/Mihajlo_Idvorski_Pupin.,.Mihajlo Idvorski Pupin.,.village of Idvor in Banat, Military Frontier, Austrian Empire (now in Serbia).,.1858-10-04
https://en.wikipedia.org//wiki/Edward_Mills_Purcell.,.Edward Mills Purcell.,.Taylorville, Illinois, United States.,.1912-08-30
https://en.wikipedia.org//wiki/Helen_Quinn.,.Helen Quinn.,.Helen Rhoda Arnold.,.(1943-05-19)
https://en.wikipedia.org//wiki/Isidor_Isaac_Rabi.,.Isidor Isaac Rabi.,.Israel Isaac Rabi.,.1898-07-29
https://en.wikipedia.org//wiki/James_Rainwater.,.Leo James Rainwater.,.Council, Idaho.,.1917-12-09
https://en.wikipedia.org//wiki/Chandrasekhara_Venkata_Raman.,.Sir Chandrasekhara Venkata Raman.,.Thiruvanaikoil, Madras Presidency, British India (now in Tamil Nadu, India).,.1888-11-07
https://en.wikipedia.org//wiki/Norman_Foster_Ramsey,_Jr..,.Norman Foster Ramsey Jr..,.Washington, D.C..,.1915-08-27
https://en.wikipedia.org//wiki/Lisa_Randall.,.Lisa Randall.,.Queens, New York City, New York, U.S..,.(1962-06-18)
https://en.wikipedia.org//wiki/Lord_Rayleigh.,.The Lord Rayleigh.,.Langford Grove, Maldon, Essex, England.,.1842-11-12
https://en.wikipedia.org//wiki/Hubert_Reeves.,.Hubert Reeves.,.Montreal, Quebec, Canada.,.(1932-07-13)
https://en.wikipedia.org//wiki/Tullio_Regge.,.Tullio Regge.,.Borgo d'Ale, Italy.,.1931-07-11
https://en.wikipedia.org//wiki/Frederick_Reines.,.Frederick Reines.,.Paterson, New Jersey.,.1918-03-16
https://en.wikipedia.org//wiki/Osborne_Reynolds.,.Osborne Reynolds.,.Belfast, Ireland.,.1842-08-23
https://en.wikipedia.org//wiki/Owen_Willans_Richardson.,.Sir Owen Richardson.,.Owen Willans Richardson.,.1879-04-26
https://en.wikipedia.org//wiki/Robert_Coleman_Richardson.,.Robert Coleman Richardson.,.Washington, D.C., U.S..,.1937-06-26
https://en.wikipedia.org//wiki/Burton_Richter.,.Burton Richter.,.Brooklyn, New York, U.S..,.1931-03-22
https://en.wikipedia.org//wiki/Robert_D._Richtmyer.,.Robert Davis Richtmyer.,.Gardner, Colorado.,.2003-09-24
https://en.wikipedia.org//wiki/Nikolaus_Riehl.,.Nikolaus Riehl.,.Munich, Federal Republic of Germany.,.1990-08-02
https://en.wikipedia.org//wiki/Adam_Riess.,.Adam Riess.,.Adam Guy Riess.,.(1969-12-16)
https://en.wikipedia.org//wiki/Heinrich_Rohrer.,.Heinrich Rohrer.,.Buchs, St. Gallen, Switzerland.,.1933-06-06
https://en.wikipedia.org//wiki/Wilhelm_R%C3%B6ntgen.,.Wilhelm Röntgen.,.Wilhelm  Conrad Röntgen.,.1845-03-27
https://en.wikipedia.org//wiki/Marshall_Rosenbluth.,.Marshall Rosenbluth.,.Albany, New York.,.1927-02-05
https://en.wikipedia.org//wiki/Carl-Gustav_Arvid_Rossby.,.Carl-Gustaf Rossby.,.Stockholm, Sweden.,.1957-08-19
https://en.wikipedia.org//wiki/Bruno_Rossi.,.Bruno Benedetto Rossi.,.Venice, Italy.,.1905-04-13
https://en.wikipedia.org//wiki/Joseph_Rotblat.,.Sir Joseph Rotblat.,.Józef Rotblat.,.1908-11-04
https://en.wikipedia.org//wiki/Carlo_Rovelli.,.Carlo Rovelli.,.Verona, Italy.,.(1956-05-03)
https://en.wikipedia.org//wiki/Carlo_Rubbia.,.Senator for lifeCarlo RubbiaOMRI OMCA.,.Gorizia, Friuli-Venezia Giulia, Italy.,.(1934-03-31)
https://en.wikipedia.org//wiki/Vera_Rubin.,.Vera Rubin.,.Vera Cooper.,.1928-07-23
https://en.wikipedia.org//wiki/Ernst_Ruska.,.Ernst Ruska.,.Ernst August Friedrich Ruska.,.1906-12-25
https://en.wikipedia.org//wiki/Johannes_Rydberg.,.Johannes Rydberg.,.Halmstad.,.1854-11-08
https://en.wikipedia.org//wiki/Martin_Ryle.,.Sir Martin Ryle.,.Brighton, England.,.1918-09-27
https://en.wikipedia.org//wiki/Mendel_Sachs.,.Mendel Sachs.,.Portland, Oregon, United States.,.1927-04-13
https://en.wikipedia.org//wiki/Robert_G._Sachs.,.Robert G. Sachs.,.Robert Green Sachs.,.1916-05-04
https://en.wikipedia.org//wiki/Carl_Sagan.,.Carl Sagan.,.Carl Edward Sagan.,.1934-11-09
https://en.wikipedia.org//wiki/Georges-Louis_Le_Sage.,.Georges-Louis Le Sage.,.Geneva, Republic of Geneva.,.1724-06-13
https://en.wikipedia.org//wiki/Megh_Nad_Saha.,.Meghnad Saha.,.Shaoratoli, Dhaka, Bengal Presidency, British India (in present-day Bangladesh).,.1893-10-06
https://en.wikipedia.org//wiki/Edwin_Ernest_Salpeter.,.Edwin Salpeter.,.Ithaca, New York, United States.,.2008-11-26
https://en.wikipedia.org//wiki/Vikram_Sarabhai.,.Vikram Sarabhai.,.Vikram Ambalal Sarabhai.,.1919-08-12
https://en.wikipedia.org//wiki/Arthur_Leonard_Schawlow.,.Arthur Leonard Schawlow.,.Mount Vernon, New York, U.S..,.1921-05-05
https://en.wikipedia.org//wiki/Brian_Schmidt.,.Brian Schmidt.,.Brian Paul Schmidt.,.(1967-02-24)
https://en.wikipedia.org//wiki/Walter_H._Schottky.,.Walter H. Schottky.,.Zürich, Switzerland.,.3 July 188
https://en.wikipedia.org//wiki/Kees_A._Schouhamer_Immink.,.Kees Schouhamer Immink.,.Rotterdam, Netherlands.,.(1946-12-18)
https://en.wikipedia.org//wiki/Erwin_Schr%C3%B6dinger.,.Erwin Schrödinger.,.Erwin Rudolf Josef Alexander Schrödinger.,.1887-08-12
https://en.wikipedia.org//wiki/Karl_Schwarzschild.,.Karl Schwarzschild.,.Frankfurt am Main.,.1873-10-09
https://en.wikipedia.org//wiki/Julian_Schwinger.,.Julian Schwinger.,.Julian Seymour Schwinger.,.1918-02-12
https://en.wikipedia.org//wiki/Dennis_William_Sciama.,.Dennis Sciama.,.Dennis William Siahou Sciama.,.1926-11-18
https://en.wikipedia.org//wiki/Thomas_Johann_Seebeck.,.Thomas Johann Seebeck.,.Reval, Russian Empire.,. April 177
https://en.wikipedia.org//wiki/Emilio_G._Segre.,.Emilio Segrè.,.Emilio Gino Segrè.,.1905-02-01
https://en.wikipedia.org//wiki/Ashoke_Sen.,.Prof..,.Kolkata, West Bengal, India.,.(1956-07-15)
https://en.wikipedia.org//wiki/Hiranmay_Sen_Gupta.,.Hiranmay Sen Gupta.,.Barisal, Bengal Presidency, British India.,.(1934-08-01)
https://en.wikipedia.org//wiki/Robert_Serber.,.Robert Serber.,.Philadelphia, USA.,.1909-03-14
https://en.wikipedia.org//wiki/Roman_U._Sexl.,.Roman Ulrich Sexl.,.Vienna, Austria.,.1986-07-10
https://en.wikipedia.org//wiki/Mikhail_Shifman.,.Mikhail Shifman.,.Riga, Latvia.,.(1949-04-04)
https://en.wikipedia.org//wiki/Dmitry_Shirkov.,.Dmitry Shirkov.,.Moscow, Russian SFSR.,.1928-03-03
https://en.wikipedia.org//wiki/William_Shockley.,.William Shockley.,.William Bradford Shockley Jr..,.1910-02-13
https://en.wikipedia.org//wiki/Manne_Siegbahn.,.Manne Siegbahn.,.Karl Manne Georg Siegbahn.,.1886-12-03
https://en.wikipedia.org//wiki/John_Alexander_Simpson.,.John Alexander Simpson.,.Portland, Oregon.,.1916-11-03
https://en.wikipedia.org//wiki/Willem_de_Sitter.,.Willem de Sitter.,.Sneek.,.1872-05-06
https://en.wikipedia.org//wiki/John_C._Slater.,.John C. Slater.,.Oak Park, Illinois.,.1900-12-22
https://en.wikipedia.org//wiki/Louis_Slotin.,.Louis Slotin.,.Louis Alexander Slotin.,.1910-12-01
https://en.wikipedia.org//wiki/George_E._Smith.,.George E. Smith.,.White Plains, New York, U.S..,.(1930-05-10)
https://en.wikipedia.org//wiki/Lee_Smolin.,.Lee Smolin.,.New York City.,.(1955-06-06)
https://en.wikipedia.org//wiki/Marian_Smoluchowski.,.Marian Smoluchowski.,.Vorder-Brühl, Austria-Hungary.,.1872-05-28
https://en.wikipedia.org//wiki/George_Smoot.,.George Smoot.,.George Fitzgerald Smoot III.,.(1945-02-20)
https://en.wikipedia.org//wiki/Arsenij_Sokolov.,.Arseny Sokolov.,.Russia, Moscow, Russian SFSR.,.1986-10-19
https://en.wikipedia.org//wiki/Arnold_Sommerfeld.,.Arnold Sommerfeld.,.Arnold Johannes Wilhelm Sommerfeld.,.1868-12-05
https://en.wikipedia.org//wiki/Jack_Steinberger.,.Jack Steinberger.,.Hans Jakob Steinberger.,.(1921-05-25)
https://en.wikipedia.org//wiki/Paul_J._Steinhardt.,.Paul Steinhardt.,.Paul Joseph Steinhardt.,.(1952-12-25)
https://en.wikipedia.org//wiki/Carl_August_Steinheil.,.Carl August von Steinheil.,.Ribeauvillé, Alsace.,.1801-10-12
https://en.wikipedia.org//wiki/George_Gabriel_Stokes.,.Sir George Stokes.,.George Gabriel Stokes.,.1819-08-13
https://en.wikipedia.org//wiki/Aleksandr_Stoletov.,.Alexander Grigorievich Stoletov.,.Vladimir, Russia.,.1839-08-10
https://en.wikipedia.org//wiki/Horst_Ludwig_St%C3%B6rmer.,.Horst Ludwig Störmer.,.Frankfurt, Germany.,.(1949-04-06)
https://en.wikipedia.org//wiki/Ernst_Stueckelberg.,.Ernst Stueckelberg v. Breidenbach.,.Basel.,.1905-02-01
https://en.wikipedia.org//wiki/George_Sudarshan.,.George Sudarshan.,.Pallam, Travancore.,.1931-09-16)16 September 193
https://en.wikipedia.org//wiki/Rashid_Sunyaev.,.Rashid Sunyaev.,.Tashkent, Uzbek SSR, Soviet Union.,.(1943-03-01)
https://en.wikipedia.org//wiki/Leonard_Susskind.,.Leonard Susskind.,.South Bronx, New York City, U.S..,.(1940
https://en.wikipedia.org//wiki/Joseph_Swan.,.Sir Joseph Wilson Swan.,.Joseph Wilson Swan.,.1828-10-31
https://en.wikipedia.org//wiki/Leo_Szilard.,.Leo Szilard.,.Budapest, Austria-Hungary.,.1898-02-11
https://en.wikipedia.org//wiki/Igor_Yevgenyevich_Tamm.,.Igor Tamm.,.Igor Yevgenyevich Tamm.,.1895-07-08
https://en.wikipedia.org//wiki/Abraham_H._Taub.,.Abraham Taub.,.Chicago.,.1911-02-01
https://en.wikipedia.org//wiki/Geoffrey_Ingram_Taylor.,.Sir Geoffrey Ingram Taylor.,.St. John's Wood, Middlesex, England.,.1886-03-07
https://en.wikipedia.org//wiki/Joseph_Hooton_Taylor,_Jr..,.Joseph Hooton Taylor Jr..,.Philadelphia, Pennsylvania.,.(1941-03-29)
https://en.wikipedia.org//wiki/Richard_E._Taylor.,.Richard Taylor.,.Richard Edward Taylor.,.1929-11-02
https://en.wikipedia.org//wiki/Max_Tegmark.,.Max Tegmark.,.Sweden.,.(1967-05-05)
https://en.wikipedia.org//wiki/Valentine_Telegdi.,.Valentine Telegdi.,.Valentine Louis Telegdi.,.1922-01-11
https://en.wikipedia.org//wiki/Edward_Teller.,.Edward Teller.,.Budapest, Austria-Hungary.,.1908-01-15
https://en.wikipedia.org//wiki/Igor_Ternov.,.Igor M. Ternov.,.Moscow, Russia.,.1996-04-12
https://en.wikipedia.org//wiki/Nikola_Tesla.,.Nikola Tesla.,.Smiljan, Austrian Empire (modern-day Croatia).,.1856-07-10
https://en.wikipedia.org//wiki/George_Paget_Thomson.,.Sir George Paget Thomson.,.Cambridge, England.,.1892-05-03
https://en.wikipedia.org//wiki/J._J._Thomson.,.Sir J. J. Thomson.,.Joseph John Thomson.,.1856-12-18
https://en.wikipedia.org//wiki/Charles_Thorn.,.Charles Thorn.,.Washington, Indiana.,.4 August 194
https://en.wikipedia.org//wiki/Kip_Stephen_Thorne.,.Kip Thorne.,.Kip Stephen Thorne.,.(1940-06-01)
https://en.wikipedia.org//wiki/Ernest_William_Titterton.,.Sir.,.Ernest William Titterton.,.1916-03-04
https://en.wikipedia.org//wiki/Baien_Tomlin.,..,..,.Please help improve this article by adding citations to reliable sources. Unsourced material may be challenged and removed
https://en.wikipedia.org//wiki/Bruno_Touschek.,.Bruno Touschek.,.Vienna, Austria.,.1921-02-03
https://en.wikipedia.org//wiki/Charles_Townes.,.Charles Townes.,.Charles Hard Townes.,.1915-07-28
https://en.wikipedia.org//wiki/John_Sealy_Townsend.,.John Townsend.,.Galway, County Galway, Ireland.,.1868-06-07
https://en.wikipedia.org//wiki/Sam_Treiman.,.Sam Treiman.,.New York City, United States.,.1999-11-30
https://en.wikipedia.org//wiki/Neil_Turok.,.Neil Turok.,.Neil Geoffrey Turok.,.(1958-11-16)
https://en.wikipedia.org//wiki/Sergei_Tyablikov.,.Sergei Tyablikov.,.Moscow, Russian SFSR.,.1968-03-17
https://en.wikipedia.org//wiki/John_Tyndall.,.John Tyndall.,.Leighlinbridge, County Carlow, Ireland.,.1820-08-02
https://en.wikipedia.org//wiki/Neil_deGrasse_Tyson.,.Neil deGrasse Tyson.,.Manhattan, New York City,  U.S..,.(1958-10-05)
https://en.wikipedia.org//wiki/George_Eugene_Uhlenbeck.,.G. E. Uhlenbeck.,.Batavia, Dutch East Indies (now Jakarta).,.1900-12-06
https://en.wikipedia.org//wiki/Nikolay_Umov.,.Nikolay Alekseevich Umov.,.Simbirsk, Russian Empire.,.1846-01-23
https://en.wikipedia.org//wiki/Cumrun_Vafa.,.Cumrun Vafa.,.Tehran,[1] Iran.,.(1960-08-01)
https://en.wikipedia.org//wiki/L%C3%A9on_Van_Hove.,.Léon Van Hove.,.Léon Charles Prudent van Hove.,.1924-02-10
https://en.wikipedia.org//wiki/Sergei_Vavilov.,.Sergey Ivanovich Vavilov.,.Moscow, Russian Empire.,.1891-03-24
https://en.wikipedia.org//wiki/Martinus_J._G._Veltman.,.Martinus Veltman.,.Martinus Justinus Godefriedus Veltman.,.(1931-06-27)
https://en.wikipedia.org//wiki/Gabriele_Veneziano.,.Gabriele Veneziano.,.Florence, Italy.,.(1942-09-07)
https://en.wikipedia.org//wiki/Giovanni_Battista_Venturi.,.Giovanni Battista Venturi.,.Bibbiano.,.1746-03-15
https://en.wikipedia.org//wiki/Anatoly_Vlasov.,.Anatoly Vlasov.,.Moscow, Russian SFSR, Soviet Union.,.1975-12-22
https://en.wikipedia.org//wiki/Woldemar_Voigt.,.Woldemar Voigt.,.Leipzig, Kingdom of Saxony.,. September 185
https://en.wikipedia.org//wiki/Burchard_de_Volder.,.Burchard de Volder.,.Leiden, Dutch Republic.,.1 March 170
https://en.wikipedia.org//wiki/Max_Volmer.,.Max Volmer.,.Hilden.,. May 188
https://en.wikipedia.org//wiki/Wernher_Von_Braun.,.Wernher von Braun.,.Herr Wernher Magnus Maximilian, Freiherr von Braun.,.1912-03-23
https://en.wikipedia.org//wiki/Johannes_Diderik_van_der_Waals.,.Johannes van der Waals.,.Leiden, Netherlands.,.1837-11-23
https://en.wikipedia.org//wiki/John_Clive_Ward.,.John Clive Ward.,.London, England.,.1924-08-01
https://en.wikipedia.org//wiki/Gleb_Wataghin.,.Gleb Wataghin.,.Birzula, Russian Empire.,.1899-11-03
https://en.wikipedia.org//wiki/Alan_Andrew_Watson.,.Alan Watson.,.Alan Andrew Watson.,.(1938-09-26)
https://en.wikipedia.org//wiki/Wilhelm_Eduard_Weber.,.Wilhelm Weber.,.Wilhelm Eduard Weber.,.1804-10-24
https://en.wikipedia.org//wiki/Alvin_Weinberg.,.Alvin Martin Weinberg.,.Chicago, Illinois.,.1915-04-20
https://en.wikipedia.org//wiki/Steven_Weinberg.,.Steven Weinberg .mw-parser-output .nobold{font-weight:normal} ForMemRS .,.New York City, New York, U.S..,.(1933-05-03)
https://en.wikipedia.org//wiki/Victor_Frederick_Weisskopf.,.Victor Weisskopf.,.Vienna, Austria-Hungary.,.1908-09-19
https://en.wikipedia.org//wiki/Gregor_Wentzel.,.Gregor Wentzel.,.Ascona, Switzerland.,.1978-08-12
https://en.wikipedia.org//wiki/Hermann_Weyl.,.Hermann Weyl.,.Hermann Klaus Hugo Weyl.,.1885-11-09
https://en.wikipedia.org//wiki/John_Archibald_Wheeler.,.John Archibald Wheeler.,.Jacksonville, Florida, United States.,.1911-07-09
https://en.wikipedia.org//wiki/Gian-Carlo_Wick.,.Gian Carlo Wick.,.Turin, Kingdom of Italy.,.1909-10-15
https://en.wikipedia.org//wiki/Carl_Wieman.,.Carl Edwin Wieman.,.Corvallis, Oregon, U.S..,.(1951-03-26)
https://en.wikipedia.org//wiki/Wilhelm_Wien.,.Wilhelm Wien.,.Wilhelm Carl Werner Otto Fritz Franz Wien.,.1864-01-13
https://en.wikipedia.org//wiki/Arthur_Wightman.,.Arthur Strong Wightman.,.Princeton, New Jersey.,.2013-01-13
https://en.wikipedia.org//wiki/Frank_Wilczek.,.Frank Wilczek.,.Frank Anthony Wilczek.,.(1951-05-15)
https://en.wikipedia.org//wiki/Charles_Thomson_Rees_Wilson.,.Charles Thomson Rees Wilson.,.Charles Thomson Rees Wilson.,.1869-02-14
https://en.wikipedia.org//wiki/Kenneth_G._Wilson.,.Kenneth G. Wilson.,.Kenneth Geddes Wilson.,.1936-06-08
https://en.wikipedia.org//wiki/Robert_R._Wilson.,.Robert R. Wilson.,.Frontier, Wyoming, United States.,.1914-03-04
https://en.wikipedia.org//wiki/Robert_Woodrow_Wilson.,.Robert Woodrow Wilson.,.Houston, Texas, USA.,.(1936-01-10)
https://en.wikipedia.org//wiki/David_J._Wineland.,.David J. Wineland.,.David Jeffrey Wineland.,.(1944-02-24)
https://en.wikipedia.org//wiki/Edward_Witten.,.Edward Witten.,.Baltimore, Maryland, U.S..,.(1951-08-26)
https://en.wikipedia.org//wiki/Emil_Wolf.,.Emil Wolf.,.Rochester, New York, U.S..,.2018-06-02
https://en.wikipedia.org//wiki/Stephen_Wolfram.,.Stephen Wolfram.,.London, England, United Kingdom.,.(1959-08-29)
https://en.wikipedia.org//wiki/Chien-Shiung_Wu.,.Chien-Shiung Wu.,.Liuhe, Taicang, Jiangsu, China.,.1912-05-31
https://en.wikipedia.org//wiki/Rosalyn_Yalow.,.Rosalyn Sussman Yalow.,.Rosalyn Sussman.,.1921-07-19
https://en.wikipedia.org//wiki/Chen_Ning_Yang.,.Yang Chen-Ning.,.Hefei, Anhui Province, China.,.(1922-10-01)
https://en.wikipedia.org//wiki/F%C3%A9lix_Yndur%C3%A1in.,..,..,.Please help by adding reliable sources. Contentious material about living persons that is unsourced or poorly sourced must be removed immediately, especially if potentially libelous or harmful
https://en.wikipedia.org//wiki/Francisco_Jose_Yndurain.,.Francisco José Ynduráin.,.Benavente, Zamora, Spain.,.1940-12-23
https://en.wikipedia.org//wiki/Thomas_Young_(scientist).,.Thomas Young.,.Milverton, Somerset, England.,.1773-06-13
https://en.wikipedia.org//wiki/Jan_Zaanen.,.Jan Zaanen.,.Leiden.,.(1957-04-17)
https://en.wikipedia.org//wiki/Pieter_Zeeman.,.Pieter Zeeman.,.Zonnemaire, Netherlands.,.1865-05-25
https://en.wikipedia.org//wiki/Anton_Zeilinger.,.Anton Zeilinger.,.Ried im Innkreis, Austria.,.(1945-05-20)
https://en.wikipedia.org//wiki/Frits_Zernike.,.Frits Zernike.,.Frits Zernike.,.1888-07-16
https://en.wikipedia.org//wiki/Peter_Zoller.,.Peter Zoller.,.Innsbruck, Austria.,.(1952-09-16)
https://en.wikipedia.org//wiki/Dmitry_Zubarev.,.Dmitry Zubarev.,.Moscow, Russia.,.1992-07-29
https://en.wikipedia.org//wiki/Bruno_Zumino.,.Bruno Zumino.,.Berkeley, California.,.2014-06-21
https://en.wikipedia.org//wiki/George_Zweig.,.George Zweig.,.Moscow, Russian SFSR.,.(1937-05-20)
https://en.wikipedia.org//wiki/Barton_Zwiebach.,.Barton Zwiebach.,.Lima, Perú.,.(1954-10-04)
